order,date,promo_codes,intended_discount,adjustment_amounts,order_discount_total,extra_discount,order_total,should_be_total,note
#134,2026-10-07,POS-LINE-89JWNF82C3-1,2.50,2.50,3.00,0.50,169.49,169.99,
#133,2026-10-07,POS-LINE-K4Y4EXP8RC-1,2.50,2.50,3.00,0.50,0.00,0.50,
#125,2026-10-07,POS-LINE-ECP8AN8ATT-1,3.98,3.98,4.78,0.80,289.19,289.99,
#122,2026-10-07,POS-LINE-XDVR6TFVRJ-1,5.00,5.00,6.00,1.00,14.00,15.00,
#120,2026-10-07,POS-LINE-3CAVV81767-1,5.00,5.00,6.00,1.00,175.98,176.98,
#119,2026-10-07,POS-LINE-A6HAHZEHAE-1 + POS-LINE-A6HAHZEHAE-2,24.40,24.40,29.28,4.88,189.70,194.58,
#118,2026-10-07,POS-LINE-XX9M7533S4-1,27.00,27.00,32.40,5.40,237.60,243.00,
#117,2026-10-07,POS-LINE-XEZX89K3NJ-1,20.50,20.50,24.60,4.10,370.38,374.48,
#113,2026-10-06,POS-LINE-P0ZM7G63F2-1,1.00,1.00,1.20,0.20,26.80,27.00,
#110,2026-10-06,POS-LINE-XHTGZJTPY4-1,2.98,2.98,3.58,0.60,61.39,61.99,
#109,2026-10-06,POS-LINE-7QCVAPCC38-1,2.98,2.98,3.58,0.60,0.00,0.60,
#103,2026-10-06,POS-LINE-Y1JQAZFRDD-1 + POS-LINE-Y1JQAZFRDD-2,7.89,7.89,9.47,1.58,38.97,40.55,
#102,2026-10-06,POS-LINE-25N8KKZXJ1-1,2.80,2.80,3.36,0.56,24.64,25.20,
#101,2026-10-06,POS-LINE-PHM0H5D7WD-1,2.98,2.98,3.58,0.60,54.40,55.00,
#97,2026-10-06,POS-LINE-788J36KDTK-1,1.80,1.80,2.16,0.36,15.84,16.20,
#93,2026-10-06,POS-LINE-2A8TX29N5H-1,8.00,8.00,9.60,1.60,70.39,71.99,
#87,2026-10-05,POS-LINE-K3QF43F8PQ-1 + POS-LINE-K3QF43F8PQ-2,5.50,5.50,6.60,1.10,39.37,40.47,
#81,2026-10-05,POS-MANUAL-SZ3Y5KJS5V6B,4.40,4.40,5.28,0.88,38.72,39.60,
#79,2026-10-05,POS-LINE-QBY5ANJEZG-1,10.00,10.00,12.00,2.00,137.99,139.99,
#73,2026-10-05,POS-MANUAL-NA7DHFMDF7WE,2.50,2.50,3.00,0.50,9.50,10.00,
#65,2026-10-03,POS-MANUAL-NH123FFB7DWD,111.99,111.99,134.39,22.40,25.60,48.00,